{
  "run_id": 2,
  "label": "Triple-mix + aggressive stack",
  "params": {
    "dk_avg_blend": 0.8,
    "primary_stack_boost": 0.3,
    "goalie_corr_boost": 0.2,
    "use_diverse": false
  },
  "n_slates": 61,
  "avg_m3s_edge": 9.504576502732244,
  "avg_m3s_pctile": 60.74112021857924,
  "avg_m3s_fpts": 84.26229508196721,
  "top25_rate": 0.45901639344262296,
  "win_rate": 0.6065573770491803,
  "elapsed_seconds": 1167.2939901351929
}