{
  "run_id": 0,
  "label": "Triple-mix + 80/20 blend (BASELINE)",
  "params": {
    "dk_avg_blend": 0.8,
    "primary_stack_boost": 0.2,
    "goalie_corr_boost": 0.1,
    "use_diverse": false
  },
  "n_slates": 61,
  "avg_m3s_edge": 7.28126707650273,
  "avg_m3s_pctile": 58.52117486338798,
  "avg_m3s_fpts": 82.30983606557376,
  "top25_rate": 0.32786885245901637,
  "win_rate": 0.6229508196721312,
  "elapsed_seconds": 1163.0050842761993
}