{
  "C_min": {
    "position": "C",
    "salary_tier": "min",
    "n_obs": 375,
    "mean_projected": 4.362670664661974,
    "mean_actual": 4.7456,
    "bias": -0.38292933533802603,
    "mae": 3.739318664513713,
    "rmse": 5.264299849664461,
    "residual_std": 5.250354086279785,
    "residual_p10": -7.263040448697751,
    "residual_p25": -2.38731584385498,
    "residual_p75": 2.9859081700419106,
    "residual_p90": 4.415197643241908,
    "actual_std": 5.458915701858748,
    "actual_p10": 0.0,
    "actual_p90": 12.480000000000008,
    "overdispersion_r": 0.8988814146918476
  },
  "C_mid": {
    "position": "C",
    "salary_tier": "mid",
    "n_obs": 111,
    "mean_projected": 6.988837488266044,
    "mean_actual": 7.1243243243243235,
    "bias": -0.13548683605828174,
    "mae": 4.595526404362781,
    "rmse": 5.859215684063774,
    "residual_std": 5.857648995086155,
    "residual_p10": -7.755338667682171,
    "residual_p25": -3.329718858371234,
    "residual_p75": 3.8247618474431744,
    "residual_p90": 6.2232211413934495,
    "actual_std": 5.7049088427268275,
    "actual_p10": 1.5,
    "actual_p90": 14.3,
    "overdispersion_r": 1.996564973379117
  },
  "C_high": {
    "position": "C",
    "salary_tier": "high",
    "n_obs": 129,
    "mean_projected": 10.160342027842605,
    "mean_actual": 10.01937984496124,
    "bias": 0.1409621828813639,
    "mae": 6.630078230564784,
    "rmse": 8.412713999222298,
    "residual_std": 8.411532945647194,
    "residual_p10": -12.40492090021053,
    "residual_p25": -3.9145048482211866,
    "residual_p75": 6.174060968217133,
    "residual_p90": 8.191862235432446,
    "actual_std": 8.01132026126693,
    "actual_p10": 2.96,
    "actual_p90": 21.400000000000002,
    "overdispersion_r": 1.8534804628101924
  },
  "C_elite": {
    "position": "C",
    "salary_tier": "elite",
    "n_obs": 49,
    "mean_projected": 14.279448638262473,
    "mean_actual": 12.17551020408163,
    "bias": 2.103938434180838,
    "mae": 7.696245350910724,
    "rmse": 9.413340350425187,
    "residual_std": 9.17520678884785,
    "residual_p10": -8.43405611838635,
    "residual_p25": -4.1513226278762545,
    "residual_p75": 9.74173136711396,
    "residual_p90": 12.290429940655581,
    "actual_std": 8.289544203817165,
    "actual_p10": 1.200000000000001,
    "actual_p90": 24.0,
    "overdispersion_r": 2.6218666536235626
  },
  "W_min": {
    "position": "W",
    "salary_tier": "min",
    "n_obs": 346,
    "mean_projected": 4.811980589016364,
    "mean_actual": 5.2034682080924854,
    "bias": -0.39148761907612223,
    "mae": 4.252983872725603,
    "rmse": 5.986544769993541,
    "residual_std": 5.973730469919707,
    "residual_p10": -7.8828724784132955,
    "residual_p25": -2.500146869042395,
    "residual_p75": 3.4619570918323506,
    "residual_p90": 5.13814444032185,
    "actual_std": 6.1050002812416295,
    "actual_p10": 0.0,
    "actual_p90": 12.8,
    "overdispersion_r": 0.8443449143595215
  },
  "W_mid": {
    "position": "W",
    "salary_tier": "mid",
    "n_obs": 178,
    "mean_projected": 7.437777957273388,
    "mean_actual": 7.017977528089887,
    "bias": 0.4198004291835001,
    "mae": 5.192257809418482,
    "rmse": 6.7748049338169585,
    "residual_std": 6.761785969026819,
    "residual_p10": -7.760449326541026,
    "residual_p25": -2.6336765356734713,
    "residual_p75": 5.426283387032665,
    "residual_p90": 6.719939832279008,
    "actual_std": 6.285413143264131,
    "actual_p10": 1.3,
    "actual_p90": 14.5,
    "overdispersion_r": 1.5159856026017462
  },
  "W_high": {
    "position": "W",
    "salary_tier": "high",
    "n_obs": 111,
    "mean_projected": 10.352041030487637,
    "mean_actual": 11.037837837837836,
    "bias": -0.6857968073501985,
    "mae": 6.436770792149374,
    "rmse": 8.71628785255285,
    "residual_std": 8.689266750859286,
    "residual_p10": -11.962958371737956,
    "residual_p25": -3.984670280298391,
    "residual_p75": 5.600605399218454,
    "residual_p90": 8.277654357683991,
    "actual_std": 8.632841692363828,
    "actual_p10": 1.5,
    "actual_p90": 22.1,
    "overdispersion_r": 1.9190026144247052
  },
  "W_elite": {
    "position": "W",
    "salary_tier": "elite",
    "n_obs": 53,
    "mean_projected": 13.053010145275247,
    "mean_actual": 13.396226415094338,
    "bias": -0.3432162698190953,
    "mae": 8.293594163716515,
    "rmse": 11.015443744394599,
    "residual_std": 11.010095525382765,
    "residual_p10": -14.526108136360858,
    "residual_p25": -4.122079506159286,
    "residual_p75": 6.206199415128944,
    "residual_p90": 10.765655941655268,
    "actual_std": 10.7186130168665,
    "actual_p10": 1.7600000000000002,
    "actual_p90": 26.94000000000001,
    "overdispersion_r": 1.7681995295137085
  },
  "D_min": {
    "position": "D",
    "salary_tier": "min",
    "n_obs": 449,
    "mean_projected": 5.024615135296191,
    "mean_actual": 5.123608017817371,
    "bias": -0.09899288252118144,
    "mae": 3.557251594236915,
    "rmse": 4.439623797918178,
    "residual_std": 4.438520009671193,
    "residual_p10": -6.69374202821222,
    "residual_p25": -2.8466561753968707,
    "residual_p75": 3.060464827290434,
    "residual_p90": 4.460173783707314,
    "actual_std": 4.334563465254979,
    "actual_p10": 1.3,
    "actual_p90": 11.5,
    "overdispersion_r": 1.9210889910756017
  },
  "D_mid": {
    "position": "D",
    "salary_tier": "mid",
    "n_obs": 128,
    "mean_projected": 7.5669047102815,
    "mean_actual": 7.3609374999999995,
    "bias": 0.20596721028150078,
    "mae": 4.360584158584203,
    "rmse": 5.2935387962394636,
    "residual_std": 5.289530271733134,
    "residual_p10": -6.792948015561472,
    "residual_p25": -3.855961565591529,
    "residual_p75": 4.662910696045241,
    "residual_p90": 6.272220666052353,
    "actual_std": 4.935208873096837,
    "actual_p10": 1.4400000000000002,
    "actual_p90": 14.559999999999999,
    "overdispersion_r": 3.1881310876783693
  },
  "D_high": {
    "position": "D",
    "salary_tier": "high",
    "n_obs": 82,
    "mean_projected": 9.737822298146883,
    "mean_actual": 12.28170731707317,
    "bias": -2.5438850189262894,
    "mae": 6.358843439294844,
    "rmse": 8.197898238748817,
    "residual_std": 7.793214006003129,
    "residual_p10": -11.90760589007623,
    "residual_p25": -7.946936886228234,
    "residual_p75": 2.482512827771611,
    "residual_p90": 7.408274602643794,
    "actual_std": 8.03806687184723,
    "actual_p10": 2.82,
    "actual_p90": 21.500000000000007,
    "overdispersion_r": 2.882548440649212
  },
  "D_elite": {
    "position": "D",
    "salary_tier": "elite",
    "n_obs": 14,
    "mean_projected": 13.354101429460325,
    "mean_actual": 14.328571428571427,
    "bias": -0.9744699991111033,
    "mae": 8.484208081463537,
    "rmse": 9.859157768809293,
    "residual_std": 9.810881720370757,
    "residual_p10": -16.016538412324632,
    "residual_p25": -9.829503377498021,
    "residual_p75": 6.483892097911895,
    "residual_p90": 8.567901335675833,
    "actual_std": 9.624257193706548,
    "actual_p10": 4.5,
    "actual_p90": 28.450000000000006,
    "overdispersion_r": 2.6221436223312886
  },
  "G_elite": {
    "position": "G",
    "salary_tier": "elite",
    "n_obs": 109,
    "mean_projected": 8.68368530816343,
    "mean_actual": 8.933027522935777,
    "bias": -0.24934221477234958,
    "mae": 7.511258724001959,
    "rmse": 9.277878376069111,
    "residual_std": 9.27452724515181,
    "residual_p10": -14.157697461004998,
    "residual_p25": -5.779219323818815,
    "residual_p75": 5.906798051197742,
    "residual_p90": 10.33017063676028,
    "actual_std": 9.396720636690928,
    "actual_p10": -1.4000000000000008,
    "actual_p90": 22.799999999999997,
    "overdispersion_r": 1.005463966670183
  }
}