{
  "C_min": {
    "position": "C",
    "salary_tier": "min",
    "n_obs": 3301,
    "mean_projected": 4.556316267797637,
    "mean_actual": 4.510027264465313,
    "bias": 0.04628900333232354,
    "mae": 3.7448046046652532,
    "rmse": 5.070025845308815,
    "residual_std": 5.069814533123462,
    "residual_p10": -7.0,
    "residual_p25": -1.9000000000000004,
    "residual_p75": 3.3,
    "residual_p90": 4.6,
    "actual_std": 4.9804013985565545,
    "actual_p10": 0.0,
    "actual_p90": 11.5,
    "overdispersion_r": 1.002265411445137
  },
  "C_mid": {
    "position": "C",
    "salary_tier": "mid",
    "n_obs": 1309,
    "mean_projected": 7.544690603514133,
    "mean_actual": 7.778304048892283,
    "bias": -0.23361344537815132,
    "mae": 5.377081741787625,
    "rmse": 7.115249013603955,
    "residual_std": 7.111412889414495,
    "residual_p10": -9.219999999999999,
    "residual_p25": -4.000000000000001,
    "residual_p75": 4.9,
    "residual_p90": 6.8999999999999995,
    "actual_std": 6.873864311224654,
    "actual_p10": 1.3,
    "actual_p90": 16.9,
    "overdispersion_r": 1.5327944801676339
  },
  "C_high": {
    "position": "C",
    "salary_tier": "high",
    "n_obs": 1296,
    "mean_projected": 9.947762345679012,
    "mean_actual": 9.797762345679011,
    "bias": 0.14999999999999988,
    "mae": 6.136882716049382,
    "rmse": 8.055500957669382,
    "residual_std": 8.05410427539974,
    "residual_p10": -10.100000000000001,
    "residual_p25": -3.9000000000000004,
    "residual_p75": 5.7,
    "residual_p90": 8.6,
    "actual_std": 7.932258695831504,
    "actual_p10": 1.5,
    "actual_p90": 20.3,
    "overdispersion_r": 1.8070554941392467
  },
  "C_elite": {
    "position": "C",
    "salary_tier": "elite",
    "n_obs": 593,
    "mean_projected": 14.45261382799325,
    "mean_actual": 14.204384485666106,
    "bias": 0.24822934232715016,
    "mae": 8.149747048903878,
    "rmse": 10.263245051551463,
    "residual_std": 10.260242744779651,
    "residual_p10": -14.48,
    "residual_p25": -5.5,
    "residual_p75": 8.1,
    "residual_p90": 11.7,
    "actual_std": 10.310873498926044,
    "actual_p10": 2.8,
    "actual_p90": 28.5,
    "overdispersion_r": 2.1904802389553395
  },
  "W_min": {
    "position": "W",
    "salary_tier": "min",
    "n_obs": 7156,
    "mean_projected": 4.658482392397988,
    "mean_actual": 4.635871995528229,
    "bias": 0.022610396869759637,
    "mae": 3.848658468418111,
    "rmse": 5.268504613342964,
    "residual_std": 5.2684560955529935,
    "residual_p10": -7.1000000000000005,
    "residual_p25": -1.9000000000000004,
    "residual_p75": 3.4,
    "residual_p90": 4.8,
    "actual_std": 5.219680499179986,
    "actual_p10": 0.0,
    "actual_p90": 11.5,
    "overdispersion_r": 0.9505562457315029
  },
  "W_mid": {
    "position": "W",
    "salary_tier": "mid",
    "n_obs": 2787,
    "mean_projected": 7.539935414424112,
    "mean_actual": 7.42210261930391,
    "bias": 0.11783279512020088,
    "mae": 5.339863652673126,
    "rmse": 6.938536350571004,
    "residual_std": 6.937535738328802,
    "residual_p10": -9.1,
    "residual_p25": -3.4000000000000004,
    "residual_p75": 5.1000000000000005,
    "residual_p90": 6.940000000000009,
    "actual_std": 6.808353489931665,
    "actual_p10": 1.3,
    "actual_p90": 16.5,
    "overdispersion_r": 1.4149853383203468
  },
  "W_high": {
    "position": "W",
    "salary_tier": "high",
    "n_obs": 2123,
    "mean_projected": 10.323316062176167,
    "mean_actual": 10.219123881300046,
    "bias": 0.10419218087611863,
    "mae": 6.335939707960434,
    "rmse": 8.218667789582188,
    "residual_std": 8.21800731473026,
    "residual_p10": -10.5,
    "residual_p25": -4.1,
    "residual_p75": 6.1,
    "residual_p90": 8.899999999999999,
    "actual_std": 8.072326247488236,
    "actual_p10": 1.5,
    "actual_p90": 20.5,
    "overdispersion_r": 1.9006947392997582
  },
  "W_elite": {
    "position": "W",
    "salary_tier": "elite",
    "n_obs": 800,
    "mean_projected": 13.431624999999999,
    "mean_actual": 12.9075,
    "bias": 0.5241249999999998,
    "mae": 7.650875000000001,
    "rmse": 9.602070740210156,
    "residual_std": 9.587755497736422,
    "residual_p10": -12.81,
    "residual_p25": -5.100000000000001,
    "residual_p75": 7.9,
    "residual_p90": 11.7,
    "actual_std": 9.273112678599349,
    "actual_p10": 2.4900000000000064,
    "actual_p90": 25.5,
    "overdispersion_r": 2.2796448632674156
  },
  "D_min": {
    "position": "D",
    "salary_tier": "min",
    "n_obs": 6507,
    "mean_projected": 5.1626556016597505,
    "mean_actual": 5.04848624558168,
    "bias": 0.11416935607806986,
    "mae": 3.5258798217304443,
    "rmse": 4.587388080281485,
    "residual_std": 4.585967156145077,
    "residual_p10": -6.1,
    "residual_p25": -2.3,
    "residual_p75": 3.2,
    "residual_p90": 4.7,
    "actual_std": 4.560101060582891,
    "actual_p10": 0.0,
    "actual_p90": 11.3,
    "overdispersion_r": 1.6186432117191103
  },
  "D_mid": {
    "position": "D",
    "salary_tier": "mid",
    "n_obs": 2038,
    "mean_projected": 7.963248282630029,
    "mean_actual": 7.8857212953876346,
    "bias": 0.07752698724239455,
    "mae": 4.614818449460255,
    "rmse": 5.923217404088272,
    "residual_std": 5.922710020112696,
    "residual_p10": -7.629999999999998,
    "residual_p25": -3.2749999999999995,
    "residual_p75": 4.4,
    "residual_p90": 6.5,
    "actual_std": 5.810277960245695,
    "actual_p10": 1.5,
    "actual_p90": 15.6,
    "overdispersion_r": 2.4033988114216203
  },
  "D_high": {
    "position": "D",
    "salary_tier": "high",
    "n_obs": 1059,
    "mean_projected": 10.4342776203966,
    "mean_actual": 10.756940509915013,
    "bias": -0.32266288951841354,
    "mae": 5.745703493862134,
    "rmse": 7.434168747543329,
    "residual_std": 7.427163228762216,
    "residual_p10": -9.8,
    "residual_p25": -4.7,
    "residual_p75": 5.3,
    "residual_p90": 8.2,
    "actual_std": 7.249087499949142,
    "actual_p10": 2.8,
    "actual_p90": 19.9,
    "overdispersion_r": 2.76873224592224
  },
  "D_elite": {
    "position": "D",
    "salary_tier": "elite",
    "n_obs": 156,
    "mean_projected": 13.638461538461534,
    "mean_actual": 13.74230769230769,
    "bias": -0.10384615384615395,
    "mae": 7.0538461538461545,
    "rmse": 8.96629729484179,
    "residual_std": 8.965695910291545,
    "residual_p10": -11.700000000000001,
    "residual_p25": -4.8999999999999995,
    "residual_p75": 6.449999999999999,
    "residual_p90": 10.0,
    "actual_std": 8.62821131938666,
    "actual_p10": 4.1,
    "actual_p90": 24.8,
    "overdispersion_r": 3.111028644558825
  },
  "G_min": {
    "position": "G",
    "salary_tier": "min",
    "n_obs": 33,
    "mean_projected": 13.02727272727273,
    "mean_actual": 8.63939393939394,
    "bias": 4.387878787878789,
    "mae": 11.684848484848485,
    "rmse": 14.4826332780564,
    "residual_std": 13.801926909296037,
    "residual_p10": -13.639999999999999,
    "residual_p25": -4.5,
    "residual_p75": 14.6,
    "residual_p90": 20.360000000000003,
    "actual_std": 11.434343255880355,
    "actual_p10": 0.0,
    "actual_p90": 28.1,
    "overdispersion_r": 0.6112709775145383
  },
  "G_high": {
    "position": "G",
    "salary_tier": "high",
    "n_obs": 110,
    "mean_projected": 9.9,
    "mean_actual": 4.543636363636364,
    "bias": 5.356363636363636,
    "mae": 8.667272727272724,
    "rmse": 10.063778433751231,
    "residual_std": 8.519918130984458,
    "residual_p10": -6.080000000000001,
    "residual_p25": 1.0250000000000004,
    "residual_p75": 10.95,
    "residual_p90": 14.110000000000001,
    "actual_std": 8.09682909059553,
    "actual_p10": -1.4,
    "actual_p90": 17.970000000000006,
    "overdispersion_r": 0.3383533512607304
  },
  "G_elite": {
    "position": "G",
    "salary_tier": "elite",
    "n_obs": 2962,
    "mean_projected": 10.488082376772452,
    "mean_actual": 5.888926401080351,
    "bias": 4.5991559756921,
    "mae": 8.84797434166104,
    "rmse": 10.291569909816618,