{
  "features": [
    "line_num",
    "is_pp1",
    "is_pp2",
    "no_pp",
    "TeamGoal",
    "OppGoal",
    "Total",
    "pp1_x_total",
    "pp1_x_opp_ga",
    "pp2_x_total",
    "line1_x_total",
    "line_x_pp1",
    "pp1_high_total",
    "pp1_low_total",
    "high_total",
    "low_total",
    "salary_k"
  ],
  "coefficients": {
    "line_num": -0.2166467037105334,
    "is_pp1": -0.6560419238841653,
    "is_pp2": 0.5233725515479628,
    "no_pp": 0.13266937233601359,
    "TeamGoal": 0.6349404175821673,
    "OppGoal": -0.0561151964513744,
    "Total": -0.250432009170261,
    "pp1_x_total": 0.7251652333112275,
    "pp1_x_opp_ga": -0.36791719758353025,
    "pp2_x_total": -0.08096180964981334,
    "line1_x_total": -0.004606295256821518,
    "line_x_pp1": 0.13043067888113832,
    "pp1_high_total": 0.7377332436151662,
    "pp1_low_total": 0.7057822137760522,
    "high_total": 0.21009621576500576,
    "low_total": 0.3334285801543275,
    "salary_k": -0.2416896320667534
  },
  "intercept": 0.6814154958578507,
  "training_n": 28526,
  "training_dates": 113,
  "baseline_mae": 4.60911799761621,
  "model_mae": 4.588
}